mapping_id,asset_id,control_id,status,deployment_date
MAP-d2d3d4df,AST-1000,CTRL-09,Deployed,2026-06-21T15:55:18.687212
MAP-1a6d0e0a,AST-1000,CTRL-08,Deployed,2026-04-23T15:55:18.687242
MAP-8841ef38,AST-1001,CTRL-16,Deployed,2026-03-31T15:55:18.687257
MAP-4afe3672,AST-1002,CTRL-09,Deployed,2026-03-04T15:55:18.687267
MAP-5686bdef,AST-1002,CTRL-01,Deployed,2025-10-23T15:55:18.687274
MAP-7de2b34d,AST-1003,CTRL-14,Deployed,2026-02-15T15:55:18.687283
MAP-64723cc6,AST-1003,CTRL-17,Deployed,2025-11-02T15:55:18.687290
MAP-b89bb4b6,AST-1005,CTRL-07,Deployed,2026-02-16T15:55:18.687301
MAP-be894150,AST-1006,CTRL-17,Deployed,2026-02-11T15:55:18.687309
MAP-dcd654dd,AST-1006,CTRL-08,Deployed,2026-01-20T15:55:18.687315
MAP-4de0be40,AST-1007,CTRL-07,Deployed,2025-10-21T15:55:18.687323
MAP-d7a72483,AST-1007,CTRL-10,Deployed,2025-10-02T15:55:18.687329
MAP-07881628,AST-1008,CTRL-14,Deployed,2026-02-01T15:55:18.687339
MAP-4f4475cb,AST-1008,CTRL-12,Deployed,2026-01-31T15:55:18.687348
MAP-7b90ee8c,AST-1008,CTRL-13,Deployed,2025-11-14T15:55:18.687357
MAP-1bf57979,AST-1010,CTRL-08,Deployed,2025-11-28T15:55:18.687370
MAP-e2c56b31,AST-1010,CTRL-07,Deployed,2026-08-16T15:55:18.687379
MAP-60e45f76,AST-1011,CTRL-10,Deployed,2025-10-10T15:55:18.687391
MAP-7928b1f6,AST-1013,CTRL-09,Deployed,2026-05-22T15:55:18.687405
MAP-f9b3b270,AST-1014,CTRL-20,Deployed,2026-01-31T15:55:18.687417
MAP-2770134e,AST-1015,CTRL-16,Deployed,2026-06-03T15:55:18.687430
MAP-ad8b22da,AST-1015,CTRL-01,Deployed,2026-03-27T15:55:18.687439
MAP-1d457b57,AST-1016,CTRL-12,Deployed,2025-12-08T15:55:18.687451
MAP-c737eb72,AST-1018,CTRL-12,Deployed,2026-02-21T15:55:18.687466
MAP-43a51c85,AST-1018,CTRL-01,Deployed,2026-04-17T15:55:18.687476
MAP-7c4cd4c3,AST-1019,CTRL-17,Deployed,2025-11-14T15:55:18.687489
MAP-63f8dfa0,AST-1020,CTRL-16,Deployed,2026-06-22T15:55:18.687501
MAP-f32e68eb,AST-1020,CTRL-13,Deployed,2025-10-05T15:55:18.687512
MAP-8320bfec,AST-1021,CTRL-17,Deployed,2026-03-23T15:55:18.687525
MAP-93bab99e,AST-1022,CTRL-13,Deployed,2026-02-03T15:55:18.687536
MAP-7b666f67,AST-1023,CTRL-16,Deployed,2025-10-07T15:55:18.687548
MAP-fa123cf8,AST-1024,CTRL-20,Deployed,2026-02-24T15:55:18.687561
MAP-90688c54,AST-1024,CTRL-17,Deployed,2026-06-30T15:55:18.687571
MAP-12061d0a,AST-1027,CTRL-12,Deployed,2025-11-14T15:55:18.687590
MAP-832da4ad,AST-1028,CTRL-17,Deployed,2026-06-01T15:55:18.687602
MAP-9cd66dae,AST-1029,CTRL-20,Deployed,2026-01-31T15:55:18.687616
MAP-b92e4df0,AST-1029,CTRL-17,Deployed,2025-10-31T15:55:18.687625
MAP-fe7502ce,AST-1031,CTRL-16,Deployed,2026-06-07T15:55:18.687639
MAP-5f101f75,AST-1031,CTRL-08,Deployed,2026-06-23T15:55:18.687648
MAP-abcb43d1,AST-1032,CTRL-12,Deployed,2026-05-03T15:55:18.687659
MAP-a3aa45ed,AST-1032,CTRL-13,Deployed,2025-10-30T15:55:18.687669
MAP-474fafaa,AST-1032,CTRL-01,Deployed,2026-04-19T15:55:18.687679
MAP-5cd6def1,AST-1033,CTRL-10,Deployed,2026-06-25T15:55:18.687691
MAP-1c536535,AST-1034,CTRL-12,Deployed,2026-07-24T15:55:18.687703
MAP-97daac62,AST-1034,CTRL-13,Deployed,2026-04-29T15:55:18.687713
MAP-d26462ba,AST-1034,CTRL-10,Deployed,2025-12-25T15:55:18.687723
MAP-aaf4a24c,AST-1036,CTRL-17,Deployed,2025-11-06T15:55:18.687740
MAP-89f3590f,AST-1036,CTRL-15,Deployed,2026-03-01T15:55:18.687749
MAP-d7164788,AST-1037,CTRL-14,Deployed,2026-06-15T15:55:18.687762
MAP-784bb14a,AST-1037,CTRL-20,Deployed,2026-06-25T15:55:18.687772
MAP-82be85f4,AST-1038,CTRL-15,Deployed,2026-01-04T15:55:18.687785
MAP-6eb39e04,AST-1039,CTRL-01,Deployed,2026-06-21T15:55:18.687804
MAP-2231df28,AST-1041,CTRL-17,Deployed,2025-10-31T15:55:18.687819
MAP-6017ac96,AST-1041,CTRL-12,Deployed,2026-04-15T15:55:18.687830
MAP-a439ff26,AST-1041,CTRL-10,Deployed,2026-03-16T15:55:18.687840
MAP-d2c1c910,AST-1043,CTRL-16,Deployed,2026-06-05T15:55:18.687854
MAP-d5ae2faf,AST-1044,CTRL-15,Deployed,2026-05-11T15:55:18.687867
MAP-6df4a015,AST-1046,CTRL-07,Deployed,2025-10-08T15:55:18.687881
MAP-569310e0,AST-1047,CTRL-16,Deployed,2026-04-13T15:55:18.687894
MAP-853b46e9,AST-1049,CTRL-17,Deployed,2026-03-05T15:55:18.687908
