vuln_id,asset_id,cve_id,cvss_score,epss_score,severity,status,discovery_date
VULN-4f09aa9f,AST-1023,CVE-2023-23397,6.0,0.609,Medium,Risk Accepted,2026-06-25T13:17:54.902165
VULN-3eef5129,AST-1003,CVE-2020-1472,2.6,0.035,Low,In Progress,2026-07-18T13:17:54.902210
VULN-12f12b09,AST-1015,CVE-2019-0708,2.7,0.016,Low,In Progress,2026-07-07T13:17:54.902222
VULN-63d8c24d,AST-1013,CVE-2021-44228,9.1,0.233,Critical,In Progress,2026-07-26T13:17:54.902231
VULN-18a818dc,AST-1041,CVE-2019-0708,2.8,0.082,Low,Risk Accepted,2026-07-06T13:17:54.902239
VULN-d844ce1e,AST-1032,CVE-2021-44228,8.4,0.266,High,Risk Accepted,2026-07-25T13:17:54.902249
VULN-e67ac8af,AST-1023,CVE-2023-23397,6.9,0.543,Medium,Open,2026-08-23T13:17:54.902256
VULN-34b59ee0,AST-1020,CVE-2022-26134,8.5,0.295,High,Risk Accepted,2026-09-24T13:17:54.902264
VULN-3d1444e7,AST-1024,CVE-2021-44228,6.5,0.246,Medium,Open,2026-07-14T13:17:54.902271
VULN-ac77a001,AST-1001,CVE-2021-44228,9.6,0.466,Critical,In Progress,2026-08-29T13:17:54.902279
VULN-af0d3ce9,AST-1000,CVE-2019-0708,9.2,0.084,Critical,In Progress,2026-09-04T13:17:54.902286
VULN-3b79da32,AST-1022,CVE-2021-44228,9.3,0.875,Critical,In Progress,2026-07-04T13:17:54.902293
VULN-6b0de50f,AST-1037,CVE-2023-23397,7.8,0.171,High,Open,2026-09-01T13:17:54.902299
VULN-599833cf,AST-1038,CVE-2022-26134,2.9,0.08,Low,In Progress,2026-08-11T13:17:54.902306
VULN-1a202379,AST-1008,CVE-2022-26134,6.8,0.096,Medium,Open,2026-07-14T13:17:54.902313
VULN-b73edb7b,AST-1012,CVE-2023-23397,4.4,0.029,Medium,Risk Accepted,2026-07-22T13:17:54.902320
VULN-009804ae,AST-1042,CVE-2021-44228,4.1,0.092,Medium,In Progress,2026-09-07T13:17:54.902327
VULN-e2645a20,AST-1044,CVE-2022-26134,6.8,0.744,Medium,Risk Accepted,2026-08-24T13:17:54.902334
VULN-5a62ffd5,AST-1033,CVE-2022-26134,7.3,0.862,High,Open,2026-07-31T13:17:54.902341
VULN-cc3a237e,AST-1047,CVE-2019-0708,3.1,0.055,Low,In Progress,2026-09-02T13:17:54.902348
VULN-f0419238,AST-1033,CVE-2019-0708,4.0,0.021,Medium,In Progress,2026-07-25T13:17:54.902357
VULN-61cfc4b8,AST-1002,CVE-2019-0708,7.2,0.127,High,Risk Accepted,2026-08-10T13:17:54.902365
VULN-72ad131f,AST-1026,CVE-2020-1472,8.0,0.633,High,Open,2026-09-06T13:17:54.902372
VULN-51928fc4,AST-1006,CVE-2023-23397,9.0,0.349,Critical,Open,2026-07-05T13:17:54.902379
VULN-20555b8e,AST-1034,CVE-2020-1472,6.6,0.589,Medium,Risk Accepted,2026-08-12T13:17:54.902386
VULN-55275517,AST-1003,CVE-2023-23397,8.6,0.274,High,Risk Accepted,2026-07-18T13:17:54.902395
VULN-b23e95f3,AST-1011,CVE-2019-0708,8.5,0.012,High,In Progress,2026-08-05T13:17:54.902403
VULN-26ba9b5f,AST-1027,CVE-2019-0708,2.8,0.071,Low,Risk Accepted,2026-06-25T13:17:54.902410
VULN-2a605224,AST-1006,CVE-2022-26134,7.8,0.56,High,Open,2026-09-02T13:17:54.902417
VULN-cc18e2c3,AST-1018,CVE-2022-26134,6.0,0.1,Medium,Open,2026-09-18T13:17:54.902424
VULN-39e379a1,AST-1014,CVE-2022-26134,7.0,0.766,High,In Progress,2026-06-22T13:17:54.902431
VULN-ba47b65b,AST-1042,CVE-2019-0708,3.4,0.022,Low,Open,2026-07-14T13:17:54.902438
VULN-50060f09,AST-1021,CVE-2023-23397,9.5,0.345,Critical,In Progress,2026-08-19T13:17:54.902444
VULN-4f3d05f8,AST-1031,CVE-2019-0708,6.9,0.252,Medium,In Progress,2026-09-10T13:17:54.902451
VULN-7290221a,AST-1020,CVE-2023-23397,5.5,0.517,Medium,In Progress,2026-08-02T13:17:54.902458
VULN-692df139,AST-1046,CVE-2022-26134,3.9,0.045,Low,Risk Accepted,2026-06-27T13:17:54.902465
VULN-4e3386df,AST-1043,CVE-2023-23397,4.8,0.083,Medium,Risk Accepted,2026-08-29T13:17:54.902475
VULN-649ef11e,AST-1031,CVE-2019-0708,5.7,0.359,Medium,Risk Accepted,2026-07-28T13:17:54.902483
VULN-4df6d26e,AST-1025,CVE-2020-1472,6.9,0.753,Medium,Risk Accepted,2026-09-08T13:17:54.902491
VULN-6e34aa4a,AST-1012,CVE-2022-26134,2.4,0.016,Low,Open,2026-09-07T13:17:54.902498
VULN-18b31315,AST-1000,CVE-2019-0708,3.9,0.057,Low,In Progress,2026-09-21T13:17:54.902505
VULN-84471749,AST-1031,CVE-2022-26134,6.6,0.272,Medium,Open,2026-09-21T13:17:54.902512
VULN-6eded328,AST-1017,CVE-2019-0708,7.5,0.537,High,Risk Accepted,2026-07-15T13:17:54.902519
VULN-29b482db,AST-1032,CVE-2023-23397,5.4,0.92,Medium,In Progress,2026-08-23T13:17:54.902526
VULN-bde6b48c,AST-1049,CVE-2023-23397,5.5,0.502,Medium,Open,2026-09-24T13:17:54.902535
VULN-f6dd218c,AST-1039,CVE-2021-44228,3.1,0.045,Low,Risk Accepted,2026-09-01T13:17:54.902541
VULN-522e399e,AST-1029,CVE-2021-44228,8.2,0.425,High,Open,2026-07-19T13:17:54.902548
VULN-b25ba385,AST-1014,CVE-2022-26134,3.0,0.003,Low,In Progress,2026-06-25T13:17:54.902555
VULN-181d3d0b,AST-1044,CVE-2023-23397,4.2,0.055,Medium,Open,2026-08-15T13:17:54.902562
VULN-900a60da,AST-1042,CVE-2020-1472,3.5,0.039,Low,Risk Accepted,2026-09-08T13:17:54.902569
VULN-2cbcbf86,AST-1009,CVE-2023-23397,5.0,0.094,Medium,Open,2026-08-03T13:17:54.902577
VULN-1e2f9222,AST-1007,CVE-2019-0708,3.4,0.008,Low,Open,2026-07-17T13:17:54.902583
VULN-2f4ed534,AST-1049,CVE-2022-26134,6.1,0.129,Medium,In Progress,2026-08-19T13:17:54.902592
VULN-9c2f8646,AST-1027,CVE-2020-1472,6.7,0.293,Medium,Risk Accepted,2026-07-31T13:17:54.902600
VULN-a44b8010,AST-1040,CVE-2019-0708,5.0,0.051,Medium,Open,2026-08-15T13:17:54.902607
VULN-7f44d9b5,AST-1023,CVE-2019-0708,8.6,0.758,High,In Progress,2026-08-21T13:17:54.902614
VULN-3e0258a5,AST-1018,CVE-2019-0708,3.0,0.014,Low,Risk Accepted,2026-08-09T13:17:54.902621
VULN-8df58b4f,AST-1001,CVE-2020-1472,5.2,0.923,Medium,In Progress,2026-09-18T13:17:54.902628
VULN-f205f601,AST-1038,CVE-2023-23397,2.2,0.071,Low,In Progress,2026-07-05T13:17:54.902635
VULN-417cf7f7,AST-1035,CVE-2021-44228,4.1,0.085,Medium,In Progress,2026-09-03T13:17:54.902642
VULN-9d8099ee,AST-1044,CVE-2022-26134,6.6,0.336,Medium,Open,2026-08-13T13:17:54.902649
VULN-34e1c143,AST-1005,CVE-2021-44228,9.5,0.398,Critical,In Progress,2026-08-18T13:17:54.902656
VULN-419c36b7,AST-1027,CVE-2019-0708,4.8,0.088,Medium,Risk Accepted,2026-08-20T13:17:54.902665
VULN-c48933dc,AST-1017,CVE-2021-44228,7.6,0.087,High,Risk Accepted,2026-08-12T13:17:54.902673
VULN-0d6cbafd,AST-1017,CVE-2022-26134,9.4,0.788,Critical,Risk Accepted,2026-07-22T13:17:54.902686
VULN-27bf5085,AST-1028,CVE-2020-1472,9.7,0.747,Critical,In Progress,2026-09-24T13:17:54.902693
VULN-16a65104,AST-1049,CVE-2023-23397,3.5,0.05,Low,In Progress,2026-08-26T13:17:54.902701
VULN-269caaf9,AST-1007,CVE-2023-23397,5.9,0.332,Medium,Risk Accepted,2026-06-22T13:17:54.902708
VULN-013c8084,AST-1020,CVE-2021-44228,6.4,0.887,Medium,Risk Accepted,2026-06-19T13:17:54.902715
VULN-11b6f6f8,AST-1014,CVE-2020-1472,4.9,0.084,Medium,Risk Accepted,2026-08-26T13:17:54.902722
VULN-ebc308a3,AST-1012,CVE-2021-44228,3.6,0.036,Low,Risk Accepted,2026-09-22T13:17:54.902729
VULN-92d7e546,AST-1036,CVE-2020-1472,6.4,0.645,Medium,Risk Accepted,2026-07-29T13:17:54.902736
VULN-4e119c50,AST-1020,CVE-2021-44228,9.5,0.824,Critical,In Progress,2026-06-28T13:17:54.902743
VULN-a11ff9c0,AST-1041,CVE-2019-0708,6.2,0.172,Medium,Open,2026-08-24T13:17:54.902749
VULN-d18cff14,AST-1034,CVE-2019-0708,7.6,0.345,High,Open,2026-09-25T13:17:54.902756
VULN-5e2632a4,AST-1002,CVE-2023-23397,5.1,0.297,Medium,Open,2026-08-15T13:17:54.902763
VULN-dc592504,AST-1023,CVE-2020-1472,5.5,0.204,Medium,Risk Accepted,2026-08-08T13:17:54.902769
VULN-910b18d6,AST-1025,CVE-2023-23397,9.0,0.642,Critical,In Progress,2026-06-22T13:17:54.902777
VULN-4c8d8f87,AST-1022,CVE-2020-1472,7.6,0.546,High,In Progress,2026-09-04T13:17:54.902784
VULN-4e74a9f5,AST-1044,CVE-2023-23397,2.3,0.011,Low,Risk Accepted,2026-07-19T13:17:54.902790
VULN-3fc1f9c7,AST-1028,CVE-2021-44228,3.4,0.066,Low,In Progress,2026-09-23T13:17:54.902798
VULN-41b48f27,AST-1004,CVE-2023-23397,8.9,0.476,High,In Progress,2026-07-27T13:17:54.902804
VULN-77f21683,AST-1024,CVE-2020-1472,9.6,0.829,Critical,Open,2026-08-20T13:17:54.902811
VULN-9fa33edf,AST-1022,CVE-2022-26134,8.3,0.607,High,In Progress,2026-07-27T13:17:54.902820
VULN-33e82c08,AST-1011,CVE-2023-23397,4.9,0.098,Medium,In Progress,2026-08-26T13:17:54.902829
VULN-8fdfd800,AST-1044,CVE-2022-26134,4.9,0.09,Medium,In Progress,2026-08-25T13:17:54.902835
VULN-bbaad479,AST-1046,CVE-2022-26134,6.2,0.117,Medium,In Progress,2026-07-28T13:17:54.902844
VULN-e2013072,AST-1039,CVE-2021-44228,6.4,0.717,Medium,Risk Accepted,2026-09-18T13:17:54.902851
VULN-1497268b,AST-1011,CVE-2020-1472,8.6,0.536,High,Risk Accepted,2026-07-24T13:17:54.902858
VULN-5bff8ab3,AST-1002,CVE-2019-0708,7.1,0.822,High,Open,2026-09-18T13:17:54.902865
VULN-4413a5b6,AST-1033,CVE-2019-0708,2.9,0.029,Low,In Progress,2026-08-23T13:17:54.902872
VULN-868cb7ff,AST-1002,CVE-2022-26134,3.0,0.096,Low,Open,2026-07-22T13:17:54.902879
VULN-f2f62fa8,AST-1032,CVE-2023-23397,2.2,0.054,Low,In Progress,2026-08-28T13:17:54.902885
VULN-95c2db89,AST-1012,CVE-2019-0708,4.2,0.022,Medium,In Progress,2026-07-03T13:17:54.902893
VULN-6de908bf,AST-1021,CVE-2021-44228,3.8,0.036,Low,In Progress,2026-08-20T13:17:54.902899
VULN-85214b66,AST-1044,CVE-2023-23397,7.6,0.616,High,Risk Accepted,2026-07-19T13:17:54.902906
VULN-7510eb5c,AST-1013,CVE-2023-23397,7.4,0.307,High,In Progress,2026-08-26T13:17:54.902913
VULN-46432894,AST-1018,CVE-2020-1472,2.8,0.065,Low,Open,2026-09-15T13:17:54.902919
VULN-2363cd35,AST-1036,CVE-2019-0708,3.3,0.089,Low,Risk Accepted,2026-07-24T13:17:54.902926
VULN-c5bbf66c,AST-1015,CVE-2021-44228,9.1,0.357,Critical,Risk Accepted,2026-09-09T13:17:54.902933
VULN-88275d18,AST-1041,CVE-2021-44228,6.5,0.39,Medium,Open,2026-08-24T13:17:54.902940
VULN-36605be2,AST-1011,CVE-2023-23397,5.5,0.825,Medium,In Progress,2026-09-10T13:17:54.902947
VULN-46205c9f,AST-1019,CVE-2023-23397,9.9,0.503,Critical,In Progress,2026-08-13T13:17:54.902953
VULN-83cef0be,AST-1011,CVE-2022-26134,7.0,0.334,High,Open,2026-09-21T13:17:54.902962
VULN-c2fde9d9,AST-1016,CVE-2023-23397,8.7,0.328,High,Open,2026-08-12T13:17:54.902969
VULN-201a855e,AST-1014,CVE-2021-44228,4.2,0.071,Medium,Open,2026-09-04T13:17:54.902976
VULN-056a1137,AST-1003,CVE-2023-23397,3.3,0.096,Low,Risk Accepted,2026-06-26T13:17:54.902983
VULN-0b09b4e6,AST-1046,CVE-2020-1472,6.5,0.615,Medium,In Progress,2026-09-19T13:17:54.902990
VULN-bcaa2ee8,AST-1001,CVE-2023-23397,7.2,0.258,High,Open,2026-08-26T13:17:54.902997
VULN-4b2be125,AST-1041,CVE-2019-0708,8.8,0.816,High,Open,2026-09-07T13:17:54.903004
VULN-d9b0ffb7,AST-1011,CVE-2022-26134,2.8,0.031,Low,Open,2026-08-15T13:17:54.903011
VULN-fba16b14,AST-1033,CVE-2019-0708,6.1,0.371,Medium,Risk Accepted,2026-07-12T13:17:54.903018
VULN-a190edf4,AST-1014,CVE-2022-26134,8.7,0.166,High,In Progress,2026-09-11T13:17:54.903025
VULN-69878bb1,AST-1001,CVE-2022-26134,4.5,0.097,Medium,Open,2026-07-27T13:17:54.903032
VULN-c91663d4,AST-1030,CVE-2022-26134,6.4,0.933,Medium,Open,2026-09-01T13:17:54.903038
VULN-7f919890,AST-1036,CVE-2023-23397,3.6,0.04,Low,Risk Accepted,2026-06-21T13:17:54.903045
VULN-3365b9a7,AST-1006,CVE-2020-1472,6.3,0.056,Medium,In Progress,2026-09-12T13:17:54.903054
VULN-3825746c,AST-1014,CVE-2023-23397,3.8,0.006,Low,Risk Accepted,2026-07-31T13:17:54.903060
VULN-a73e74da,AST-1010,CVE-2020-1472,8.4,0.497,High,Open,2026-07-13T13:17:54.903067
VULN-82812b3d,AST-1012,CVE-2023-23397,4.7,0.046,Medium,In Progress,2026-07-29T13:17:54.903074
